{
  "hardware": {
    "platform": "macOS-26.5-arm64-arm-64bit-Mach-O",
    "processor": "arm",
    "python_version": "3.14.4",
    "device": "cpu"
  },
  "torch_version": "2.12.0",
  "model_config": {
    "n_layers": 4,
    "d_model": 128,
    "n_heads": 8,
    "vocab_size": 512,
    "seq_len": 64,
    "mlp_expansion": 4
  },
  "op_timings": {
    "qkv_matmul": {
      "mean_s": 0.00030981694522779434,
      "p50_s": 0.00029579096008092165,
      "p95_s": 0.0004487499827519059,
      "n_samples": 1600.0
    },
    "softmax": {
      "mean_s": 0.0007606917154043913,
      "p50_s": 0.0008668330265209079,
      "p95_s": 0.0009694580221548676,
      "n_samples": 1600.0
    },
    "mlp": {
      "mean_s": 0.0023446310003782857,
      "p50_s": 0.0023448329884558916,
      "p95_s": 0.002902250038459897,
      "n_samples": 1600.0
    },
    "grad_update": {
      "mean_s": 0.0432759364854428,
      "p50_s": 0.04260233393870294,
      "p95_s": 0.0477081669960171,
      "n_samples": 400.0
    }
  },
  "flop_estimates": {
    "qkv_matmul": 1610612736,
    "attention_scores": 536870912,
    "softmax": 41943040,
    "mlp": 4294967296,
    "output_projection": 536870912,
    "output_head": 536870912,
    "forward_total": 7558135808,
    "grad_update": 15116271616,
    "formulas": {
      "qkv_matmul": "O(B*L*d_model^2) per layer (research doc \u00a74.0) [Proven]",
      "attention_scores": "O(B*L^2*d_model) per layer (QK^T + attn@V) (\u00a74.0) [Proven]",
      "softmax": "~5*B*H*L^2 elementwise FLOPs per layer (heuristic; not a \u00a74.0 term)",
      "mlp": "O(B*L*d_model^2) per layer, 4x expansion (\u00a74.0) [Proven]",
      "grad_update": "backward ~= 2x forward (\u00a74.0) [Proven]"
    }
  },
  "loss_curve": [
    6.390634059906006,
    6.347342014312744,
    6.281692981719971,
    6.2205328941345215,
    6.160923004150391,
    6.128357887268066,
    6.073613166809082,
    6.0174126625061035,
    5.984947204589844,
    5.948363780975342,
    5.862488269805908,
    5.8265910148620605,
    5.79327917098999,
    5.7500786781311035,
    5.693620681762695,
    5.637275695800781,
    5.633035182952881,
    5.587775707244873,
    5.5422444343566895,
    5.486978530883789,
    5.457649230957031,
    5.4242753982543945,
    5.392698764801025,
    5.328285217285156,
    5.284390926361084,
    5.18866491317749,
    5.171468734741211,
    5.094996929168701,
    5.093155860900879,
    5.019029140472412,
    4.96558141708374,
    4.959170818328857,
    4.96899938583374,
    4.905444145202637,
    4.843991279602051,
    4.762397289276123,
    4.784235954284668,
    4.648261070251465,
    4.622503280639648,
    4.567760467529297,
    4.6666975021362305,
    4.522213935852051,
    4.442813873291016,
    4.426084041595459,
    4.480745792388916,
    4.3307576179504395,
    4.2319560050964355,
    4.211923599243164,
    4.204837322235107,
    4.258153438568115,
    4.202096939086914,
    4.135512828826904,
    4.116003036499023,
    4.046679973602295,
    4.047828197479248,
    3.924816846847534,
    3.862760066986084,
    3.805840492248535,
    3.84890079498291,
    3.771989107131958,
    3.7683560848236084,
    3.6720516681671143,
    3.6615707874298096,
    3.6217963695526123,
    3.5105533599853516,
    3.563610553741455,
    3.532348155975342,
    3.5281713008880615,
    3.468855381011963,
    3.4515957832336426,
    3.4510421752929688,
    3.397146701812744,
    3.350564956665039,
    3.3289060592651367,
    3.21097993850708,
    3.3265268802642822,
    3.2210261821746826,
    3.265690326690674,
    3.161343812942505,
    3.1090447902679443,
    3.1022353172302246,
    3.0723960399627686,
    3.0598485469818115,
    2.9833195209503174,
    2.9932355880737305,
    3.0020077228546143,
    2.9571268558502197,
    3.036607265472412,
    2.847445249557495,
    2.8990378379821777,
    2.807466506958008,
    2.8442277908325195,
    2.785881519317627,
    2.8568058013916016,
    2.7472827434539795,
    2.7458696365356445,
    2.730682849884033,
    2.7686731815338135,
    2.703101873397827,
    2.7369425296783447,
    2.6088273525238037,
    2.7625977993011475,
    2.5987915992736816,
    2.630871295928955,
    2.5840837955474854,
    2.5986809730529785,
    2.566094398498535,
    2.497202157974243,
    2.512827157974243,
    2.5415453910827637,
    2.494285821914673,
    2.441427230834961,
    2.4001576900482178,
    2.464090347290039,
    2.3927903175354004,
    2.340010404586792,
    2.432002544403076,
    2.375351905822754,
    2.3405139446258545,
    2.313751459121704,
    2.3190457820892334,
    2.382122278213501,
    2.2868781089782715,
    2.3050785064697266,
    2.298994302749634,
    2.2093470096588135,
    2.224682569503784,
    2.173729419708252,
    2.1384525299072266,
    2.2489030361175537,
    2.2173240184783936,
    2.0653958320617676,
    2.0821774005889893,
    2.130829334259033,
    2.0796902179718018,
    2.071045160293579,
    2.1072006225585938,
    2.0431618690490723,
    2.0649783611297607,
    2.085466146469116,
    2.0577616691589355,
    2.078126907348633,
    2.0583834648132324,
    1.9315398931503296,
    2.0650665760040283,
    1.9762235879898071,
    1.9382655620574951,
    1.969305157661438,
    1.9862345457077026,
    1.9422273635864258,
    1.9322081804275513,
    1.955775499343872,
    1.8750941753387451,
    1.9139933586120605,
    1.9589760303497314,
    1.8941839933395386,
    1.8805149793624878,
    1.8919540643692017,
    1.8781012296676636,
    1.8419926166534424,
    1.8289521932601929,
    1.7722417116165161,
    1.8034985065460205,
    1.8101153373718262,
    1.822883129119873,
    1.8195171356201172,
    1.7750945091247559,
    1.7105289697647095,
    1.8435927629470825,
    1.8086272478103638,
    1.7375781536102295,
    1.777001142501831,
    1.8054583072662354,
    1.732635498046875,
    1.7179875373840332,
    1.786812663078308,
    1.7180392742156982,
    1.7399046421051025,
    1.6849355697631836,
    1.6524443626403809,
    1.6635146141052246,
    1.7029666900634766,
    1.7071665525436401,
    1.698359489440918,
    1.5970900058746338,
    1.7015284299850464,
    1.6585944890975952,
    1.697149395942688,
    1.6773408651351929,
    1.67658269405365,
    1.5698498487472534,
    1.5700836181640625,
    1.6131322383880615,
    1.59574294090271,
    1.6044143438339233,
    1.6158932447433472,
    1.6550930738449097,
    1.5875377655029297,
    1.609495997428894,
    1.5633012056350708,
    1.5770366191864014,
    1.6181460618972778,
    1.5542901754379272,
    1.5921835899353027,
    1.5098048448562622,
    1.653300404548645,
    1.4969664812088013,
    1.5374829769134521,
    1.6121021509170532,
    1.511426568031311,
    1.5154249668121338,
    1.5034278631210327,
    1.528485655784607,
    1.5090110301971436,
    1.488087773323059,
    1.5445915460586548,
    1.5187783241271973,
    1.4960087537765503,
    1.508005142211914,
    1.4144879579544067,
    1.5110974311828613,
    1.5351133346557617,
    1.4566506147384644,
    1.4947844743728638,
    1.4572041034698486,
    1.3957116603851318,
    1.4865765571594238,
    1.4521901607513428,
    1.438528060913086,
    1.4889200925827026,
    1.4252417087554932,
    1.4470305442810059,
    1.4816840887069702,
    1.440550684928894,
    1.4392846822738647,
    1.444315791130066,
    1.4505761861801147,
    1.4557563066482544,
    1.3907958269119263,
    1.3677678108215332,
    1.3817647695541382,
    1.3962653875350952,
    1.3296804428100586,
    1.4068466424942017,
    1.3538800477981567,
    1.3526753187179565,
    1.366188406944275,
    1.3299286365509033,
    1.3763134479522705,
    1.3388065099716187,
    1.3837370872497559,
    1.3962799310684204,
    1.3428478240966797,
    1.3698936700820923,
    1.3782578706741333,
    1.411730170249939,
    1.3494929075241089,
    1.3076326847076416,
    1.3270336389541626,
    1.3296246528625488,
    1.3305227756500244,
    1.2862608432769775,
    1.3198087215423584,
    1.2940726280212402,
    1.268691897392273,
