{
  "schema": "hybrid_run_log.v1",
  "generated_by": "hybrid_training_loop.py (workflow Stage 3)",
  "model_config": {
    "n_layers": 4,
    "d_model": 128,
    "n_heads": 8,
    "vocab_size": 512,
    "seq_len": 32,
    "mlp_expansion": 4
  },
  "hybrid_config": {
    "n_qubits": 6,
    "q_depth": 2,
    "device_name": "default.qubit",
    "shots": null,
    "steps": 15,
    "batch_size": 4,
    "seq_len": 32,
    "lr": 0.0003,
    "seed": 42,
    "freeze_base": false
  },
  "diff_method": "parameter-shift",
  "mode": "analytic",
  "adjoint_note": "NOTE [Proven]: adjoint differentiation's O(1)-sweep amortization exists ONLY on classical simulators \u2014 there is no hardware analogue of reverse-mode backpropagation. On hardware, gradient cost remains O(d/eps^2) circuit executions per step (research doc 01-qml-accelerator.md \u00a73.1; workflow Stage 3 step 3).",
  "barren_plateau_constraint": "quantum block: 6 qubits (<= 16), depth 2 = O(log n), local single-qubit observables \u2014 research doc \u00a73.3-3.4 [Proven] (McClean et al.; Cerezo et al.)",
  "quantum_middle_param_count": 12,
  "control_middle_param_count": 12,
  "expected_executions_per_step_parameter_shift": 4736,
  "execution_scaling_note": "Expected executions per sample in shift mode = 1 + 2*(d_q + n) = 37 (d_q = 12 circuit weights + 6 trainable embedding angles); per step = 4736 across 128 per-sample circuits (per-sample, not broadcast: pennylane#4462; also the hardware-faithful model) \u2014 the O(d) economics of research doc \u00a73.1 [Proven]; at hardware precision eps=1e-2 each expectation additionally needs ~10,000 shots.",
  "hybrid": {
    "label": "hybrid_vqc",
    "device": "default.qubit",
    "loss_curve": [
      6.45104455947876,
      6.344514846801758,
      6.406757354736328,
      6.330106735229492,
      6.278992176055908,
      6.377839088439941,
      6.375728607177734,
      6.257865905761719,
      6.126290798187256,
      6.2735981941223145,
      6.186554431915283,
      6.107516765594482,
      6.13112211227417,
      6.0264153480529785,
      6.039905071258545
    ],
    "final_loss": 6.039905071258545,
    "mean_loss_last_25": 6.2476167996724445,
    "per_step_wall_clock_s": [
      6.366811208077706,
      6.337106375023723,
      6.400687374989502,
      6.376731332973577,
      6.356347499997355,
      6.3628770830109715,
      6.490026667015627,
      6.407040000078268,
      6.413462625001557,
      6.336759875062853,
      6.400939957937226,
      6.499869375023991,
      6.383903000038117,
      6.390679584001191,
      6.384936499991454
    ],
    "grad_variance_per_step": [
      1.2682540955211152e-06,
      9.825882898439886e-07,
      9.033357173393597e-07,
      5.36164748154988e-07,
      6.32863361715863e-07,
      5.963059379610058e-07,
      2.5456571961512964e-07,
      1.158406121248845e-06,
      9.444578381589963e-07,
      2.4823959847708466e-06,
      1.2691217534666066e-06,
      3.091443261382665e-07,
      1.6392002635257086e-06,
      1.8112314137397334e-07,
      3.6785937140848546e-07
    ],
    "circuit_executions_total": 71040,
    "wall_clock_caveat": "Simulator wall-clock validates correctness only; it is never evidence about quantum hardware speed (workflow ground rule)."
  },
  "control": {
    "label": "classical_control",
    "device": "classical",
    "loss_curve": [
      6.357264995574951,
      6.356122970581055,
      6.404738903045654,
      6.323193550109863,
      6.3502726554870605,
      6.229472637176514,
      6.387526035308838,
      6.168611526489258,
      6.208291053771973,
      6.151063442230225,
      6.083378314971924,
      6.075601577758789,
      6.1638336181640625,
      5.968463897705078,
      5.931299686431885
    ],
    "final_loss": 5.931299686431885,
    "mean_loss_last_25": 6.210608990987142,
    "per_step_wall_clock_s": [
      0.008230000035837293,
      0.006528500001877546,
      0.006782000069506466,
      0.006683666026219726,
      0.006432417081668973,
      0.00976866704877466,
      0.006909999996423721,
      0.00756595900747925,
      0.006706957938149571,
      0.007440083078108728,
      0.006699124933220446,
      0.006688833003863692,
      0.007275625015608966,
      0.006365249981172383,
      0.007025041035376489
    ],
    "grad_variance_per_step": [
      3.820794518105686e-06,
      4.685807198256953e-06,
      3.629372940849862e-06,
      4.564698429021519e-06,
      4.2573869905027095e-06,
      3.222677378289518e-06,
      4.004813035862753e-06,
      8.100459126580972e-06,
      4.931863259116653e-06,
      2.809704028550186e-06,
      2.137939191015903e-06,
      1.8286937120137736e-06,
      1.6627369632260525e-06,
      6.977428256504936e-06,
      2.292547378601739e-06
    ],
    "circuit_executions_total": null,
    "wall_clock_caveat": "Simulator wall-clock validates correctness only; it is never evidence about quantum hardware speed (workflow ground rule)."
  },
  "comparison": {
    "hybrid_final_loss": 6.039905071258545,
    "control_final_loss": 5.931299686431885,
    "expected_result": "Null result expected: hybrid matches, not beats, the matched-parameter classical control (research doc \u00a75 item (ii) \u2014 valuable either way) [Theoretical] experiment design.",
    "claim_policy": "No hybrid-superiority claim is made or logged unless it exceeds the control by > 2 sigma across >= 5 seeds (workflow Stage 3 acceptance); this single-seed run cannot and does not make one."
  }
}